Title,Price,Rating,Reviews,URL
"Car Seat Covers,Breathable and Waterproof Faux Leather Automotive Seat Covers,Universal Anti-Slip Driver Seat Cover for Cars SUV Pick-up Truck Sedan(Style1,5 PCS Full Set,Black+Red)",$135.99,4.4,775,https://www.amazon.com/sspa/click?ie=UTF8&spc=MTo1OTI2ODA4MzY0NzY3MDg1OjE3NTE5NTkwNjk6c3BfYXRmOjMwMDE2ODA2NDQ3NjAwMjo6MDo6&url=%2FHChengkikz-Breathable-Waterproof-Automotive-Universal%2Fdp%2FB0CQ1M1LP4%2Fref%3Dsr_1_1_sspa%3Fdib%3DeyJ2IjoiMSJ9._gRVpE3zxSEwqF5ZDSZM8rcB28c8vlPM85kZXtr6S9WTrU_YTITLMX6dPmoFjaX7Tzj8U8kiz2oOmBtW5j1q3CrzevojEiaBcbUSGoo5gFXueuBgecVlE0brJLdFx584hmh8zwT2b6SD3JoWpOQQHnhyYUTmAmZERJc7xk5paAWcq7e4R1tsdy7sWXEDHo7uWyUbCN_I3x-Gc6VZz_XjkJUMw8SgIWU_mKeMdrbZAHgAPAhwQYhc7eh7ymLJmOFsaHKg6gI2ZGljrSGCc5ljvNjA-KioXSx-89GQKAaFIpA.QNtnSy13NQxYRAAVWL1mVMfALRGHVnNePLhJtS8snHo%26dib_tag%3Dse%26keywords%3Dseat%2Bcovers%26qid%3D1751959069%26sr%3D8-1-spons%26sp_csd%3Dd2lkZ2V0TmFtZT1zcF9hdGY%26psc%3D1
"2 Pack Leather Front Car Seat Covers, Universal Sideless Car Seat Protectors with Storage Pocket and Seat Belt Pads, Waterproof Automotive Seat Cover for Cars Trucks SUV(Black)",$33.92,4.4,"1,818",https://www.amazon.com/sspa/click?ie=UTF8&spc=MTo1OTI2ODA4MzY0NzY3MDg1OjE3NTE5NTkwNjk6c3BfYXRmOjMwMDcxMjI4MDE2MDAwMjo6MDo6&url=%2FUniversal-Sideless-Protectors-Waterproof-Automotive%2Fdp%2FB0BDR6QKMD%2Fref%3Dsr_1_2_sspa%3Fdib%3DeyJ2IjoiMSJ9._gRVpE3zxSEwqF5ZDSZM8rcB28c8vlPM85kZXtr6S9WTrU_YTITLMX6dPmoFjaX7Tzj8U8kiz2oOmBtW5j1q3CrzevojEiaBcbUSGoo5gFXueuBgecVlE0brJLdFx584hmh8zwT2b6SD3JoWpOQQHnhyYUTmAmZERJc7xk5paAWcq7e4R1tsdy7sWXEDHo7uWyUbCN_I3x-Gc6VZz_XjkJUMw8SgIWU_mKeMdrbZAHgAPAhwQYhc7eh7ymLJmOFsaHKg6gI2ZGljrSGCc5ljvNjA-KioXSx-89GQKAaFIpA.QNtnSy13NQxYRAAVWL1mVMfALRGHVnNePLhJtS8snHo%26dib_tag%3Dse%26keywords%3Dseat%2Bcovers%26qid%3D1751959069%26sr%3D8-2-spons%26sp_csd%3Dd2lkZ2V0TmFtZT1zcF9hdGY%26psc%3D1
"Car Seat Cover,Breathable and Waterproof Leather Seat Covers,Luxury PU Universal Fit Automotive Airbag Compatible for Cars Sedans SUV and Trucks(2 Pieces,Front Seat,Black+Redline,N1)",$33.99,3.5,205,https://www.amazon.com/sspa/click?ie=UTF8&spc=MTo1OTI2ODA4MzY0NzY3MDg1OjE3NTE5NTkwNjk6c3BfYXRmOjMwMDUwMzk1NTE0MzIwMjo6MDo6&url=%2FHChengkikz-Breathable-Waterproof-Automotive-Compatible%2Fdp%2FB0DCVK7CKX%2Fref%3Dsr_1_3_sspa%3Fdib%3DeyJ2IjoiMSJ9._gRVpE3zxSEwqF5ZDSZM8rcB28c8vlPM85kZXtr6S9WTrU_YTITLMX6dPmoFjaX7Tzj8U8kiz2oOmBtW5j1q3CrzevojEiaBcbUSGoo5gFXueuBgecVlE0brJLdFx584hmh8zwT2b6SD3JoWpOQQHnhyYUTmAmZERJc7xk5paAWcq7e4R1tsdy7sWXEDHo7uWyUbCN_I3x-Gc6VZz_XjkJUMw8SgIWU_mKeMdrbZAHgAPAhwQYhc7eh7ymLJmOFsaHKg6gI2ZGljrSGCc5ljvNjA-KioXSx-89GQKAaFIpA.QNtnSy13NQxYRAAVWL1mVMfALRGHVnNePLhJtS8snHo%26dib_tag%3Dse%26keywords%3Dseat%2Bcovers%26qid%3D1751959069%26sr%3D8-3-spons%26sp_csd%3Dd2lkZ2V0TmFtZT1zcF9hdGY%26psc%3D1
5-Seater Full Set Car Seat Covers - Waterproof Nappa Leather with 360° Protection | Universal Fit for Sedans & SUVs | Luxury Comfort & Anti-Slip Design (Brown+Black),$97.30,4.3,12,https://www.amazon.com/sspa/click?ie=UTF8&spc=MTo1OTI2ODA4MzY0NzY3MDg1OjE3NTE5NTkwNjk6c3BfYXRmOjMwMDU1MTc5MTI2MTUwMjo6MDo6&url=%2FAUQDD-5-Seater-Full-Seat-Covers%2Fdp%2FB0CXPD3F3T%2Fref%3Dsr_1_4_sspa%3Fdib%3DeyJ2IjoiMSJ9._gRVpE3zxSEwqF5ZDSZM8rcB28c8vlPM85kZXtr6S9WTrU_YTITLMX6dPmoFjaX7Tzj8U8kiz2oOmBtW5j1q3CrzevojEiaBcbUSGoo5gFXueuBgecVlE0brJLdFx584hmh8zwT2b6SD3JoWpOQQHnhyYUTmAmZERJc7xk5paAWcq7e4R1tsdy7sWXEDHo7uWyUbCN_I3x-Gc6VZz_XjkJUMw8SgIWU_mKeMdrbZAHgAPAhwQYhc7eh7ymLJmOFsaHKg6gI2ZGljrSGCc5ljvNjA-KioXSx-89GQKAaFIpA.QNtnSy13NQxYRAAVWL1mVMfALRGHVnNePLhJtS8snHo%26dib_tag%3Dse%26keywords%3Dseat%2Bcovers%26qid%3D1751959069%26sr%3D8-4-spons%26sp_csd%3Dd2lkZ2V0TmFtZT1zcF9hdGY%26psc%3D1
"BDK PolyPro Car Seat Covers Full Set in Charcoal on Black – Front and Rear Split Bench for Cars, Easy to Install Cover Set, Accessories Auto Trucks Van SUV",$31.40,3.7,"119,296",https://www.amazon.com/BDK-OS309CC-Polypro-Two-Tone-Charcoal/dp/B01FKQVZOS/ref=sr_1_5?dib=eyJ2IjoiMSJ9._gRVpE3zxSEwqF5ZDSZM8rcB28c8vlPM85kZXtr6S9WTrU_YTITLMX6dPmoFjaX7Tzj8U8kiz2oOmBtW5j1q3CrzevojEiaBcbUSGoo5gFXueuBgecVlE0brJLdFx584hmh8zwT2b6SD3JoWpOQQHnhyYUTmAmZERJc7xk5paAWcq7e4R1tsdy7sWXEDHo7uWyUbCN_I3x-Gc6VZz_XjkJUMw8SgIWU_mKeMdrbZAHgAPAhwQYhc7eh7ymLJmOFsaHKg6gI2ZGljrSGCc5ljvNjA-KioXSx-89GQKAaFIpA.QNtnSy13NQxYRAAVWL1mVMfALRGHVnNePLhJtS8snHo&dib_tag=se&keywords=seat+covers&qid=1751959069&sr=8-5
"IVICY Linen Car Seat Cover for Cars - Soft & Non-Slip - Front Car Seat Protector Covers for Most Automotive, Vans, SUVs, Trucks - 1 Unit – Warm Beige",$39.99,4.4,"3,271",https://www.amazon.com/Linen-Car-Seat-Cover-Protector/dp/B089GTWRWF/ref=sr_1_49?dib=eyJ2IjoiMSJ9.ePB042P_XZsmJE9KRW5tYRiGi8VVqJsSCm_yC9O8mvByUqgwFF5EpjRs_wXgG2ZAMQ3jqhtef-tkzaoeTxJo5NBYtCLiCZs4RMnjX6dHMcCeQkdgSQuSdP96tfxw7tZ1ENQTc7HmZC5M_gsHK7LEge0UcHn7n4WxdqDyi5vBvTrICC1MGm_PnbOnVMj07zVW_3C1Bdx-03_cf7DQRc6RskC_nyj27J77D1hi_Bc4NIq_hT2n4jDIOHuPGraFAe_FKVuxOGOI4BMtSfFL24wfg7hHnwZDHzjLX3DYSK5mgLM.yxr4Cm20JOS4tGmV_mi6Xn9nwO0e5EhMY4v_MBmoS7E&dib_tag=se&keywords=seat+covers&qid=1751959119&sr=8-49
"Lusso Gear Dog Car Seat Cover for Back Seat - 100% Waterproof - Full Protection from Mud, Scratches, Shedding - Non-Slip Rear Seat Protector for Dogs - Secure Fit for Car, Truck, SUV (Black)",$28.49,4.5,"5,809",https://www.amazon.com/Lusso-Gear-Seat-Cover-Premium/dp/B08SHWBMCL/ref=sr_1_50?dib=eyJ2IjoiMSJ9.ePB042P_XZsmJE9KRW5tYRiGi8VVqJsSCm_yC9O8mvByUqgwFF5EpjRs_wXgG2ZAMQ3jqhtef-tkzaoeTxJo5NBYtCLiCZs4RMnjX6dHMcCeQkdgSQuSdP96tfxw7tZ1ENQTc7HmZC5M_gsHK7LEge0UcHn7n4WxdqDyi5vBvTrICC1MGm_PnbOnVMj07zVW_3C1Bdx-03_cf7DQRc6RskC_nyj27J77D1hi_Bc4NIq_hT2n4jDIOHuPGraFAe_FKVuxOGOI4BMtSfFL24wfg7hHnwZDHzjLX3DYSK5mgLM.yxr4Cm20JOS4tGmV_mi6Xn9nwO0e5EhMY4v_MBmoS7E&dib_tag=se&keywords=seat+covers&qid=1751959119&sr=8-50
"Ultra-Luxury PU Leather Car Seat Protection Cover Car Seat Cover for Most Four-Door Sedan&SUV,Single Seat Cover Without Backrest 1PCS (W 20.8× D 21× T 0.2inch) (3D-Beige)",$25.99,4.4,"3,262",https://www.amazon.com/EDEALYN-Ultra-Luxury-Protection-Four-Door-backrest/dp/B01MTLYJWF/ref=sr_1_51?dib=eyJ2IjoiMSJ9.ePB042P_XZsmJE9KRW5tYRiGi8VVqJsSCm_yC9O8mvByUqgwFF5EpjRs_wXgG2ZAMQ3jqhtef-tkzaoeTxJo5NBYtCLiCZs4RMnjX6dHMcCeQkdgSQuSdP96tfxw7tZ1ENQTc7HmZC5M_gsHK7LEge0UcHn7n4WxdqDyi5vBvTrICC1MGm_PnbOnVMj07zVW_3C1Bdx-03_cf7DQRc6RskC_nyj27J77D1hi_Bc4NIq_hT2n4jDIOHuPGraFAe_FKVuxOGOI4BMtSfFL24wfg7hHnwZDHzjLX3DYSK5mgLM.yxr4Cm20JOS4tGmV_mi6Xn9nwO0e5EhMY4v_MBmoS7E&dib_tag=se&keywords=seat+covers&qid=1751959119&sr=8-51
"YIERTAI Front Driver Seat Covers Full Coverage Waterproof Faux Leather Universal Fit for Chevy Trailblazer VW Jetta Ford Five Buick Encore Volvo XC60 Mazda CX5 GLK350 2PCS Front, Black-Blue",$95.99,4.1,88,https://www.amazon.com/YIERTAI-Waterproof-Universal-Trailblazer-Black-Blue/dp/B0CSJTXS3B/ref=sr_1_52?dib=eyJ2IjoiMSJ9.ePB042P_XZsmJE9KRW5tYRiGi8VVqJsSCm_yC9O8mvByUqgwFF5EpjRs_wXgG2ZAMQ3jqhtef-tkzaoeTxJo5NBYtCLiCZs4RMnjX6dHMcCeQkdgSQuSdP96tfxw7tZ1ENQTc7HmZC5M_gsHK7LEge0UcHn7n4WxdqDyi5vBvTrICC1MGm_PnbOnVMj07zVW_3C1Bdx-03_cf7DQRc6RskC_nyj27J77D1hi_Bc4NIq_hT2n4jDIOHuPGraFAe_FKVuxOGOI4BMtSfFL24wfg7hHnwZDHzjLX3DYSK5mgLM.yxr4Cm20JOS4tGmV_mi6Xn9nwO0e5EhMY4v_MBmoS7E&dib_tag=se&keywords=seat+covers&qid=1751959119&sr=8-52
"MIROZO Seat Covers Full Coverage,Waterproof Car Seat Covers Full Set Leather Car Seat Protector Automotive Seat Covers Universal Vehicle Cushion Cover Fit for Cars SUV Pick-up Truck(Black,Full Set)",$140.99,4.4,91,https://www.amazon.com/MIROZO-Waterproof-Protector-Automotive-Universal/dp/B0CXTD81CP/ref=sr_1_53?dib=eyJ2IjoiMSJ9.ePB042P_XZsmJE9KRW5tYRiGi8VVqJsSCm_yC9O8mvByUqgwFF5EpjRs_wXgG2ZAMQ3jqhtef-tkzaoeTxJo5NBYtCLiCZs4RMnjX6dHMcCeQkdgSQuSdP96tfxw7tZ1ENQTc7HmZC5M_gsHK7LEge0UcHn7n4WxdqDyi5vBvTrICC1MGm_PnbOnVMj07zVW_3C1Bdx-03_cf7DQRc6RskC_nyj27J77D1hi_Bc4NIq_hT2n4jDIOHuPGraFAe_FKVuxOGOI4BMtSfFL24wfg7hHnwZDHzjLX3DYSK5mgLM.yxr4Cm20JOS4tGmV_mi6Xn9nwO0e5EhMY4v_MBmoS7E&dib_tag=se&keywords=seat+covers&qid=1751959119&sr=8-53
"Car Seat Covers Full Set, Faux Leather Seat Covers for Cars, Car Seat Protector Waterproof, Non-Slip Car Interior Covers Universal Automotive Seat Covers Fit for Most Cars SUV, Black",$125.99,4.4,86,https://www.amazon.com/COMFDRIVE-Protector-Waterproof-Universal-Automotive/dp/B0F5QH7C15/ref=sr_1_97?dib=eyJ2IjoiMSJ9.qJqoSeJKL96_ra5prNL_1p7k1TSJoEE7PRboj2SBxg0KrmMUR2Xxi7gUM3t8tyYClHDHb87vML1n9MG--nsR4_BylGw78J06JGeFoihYPNgqFdFtxX30qPeGmVK2igLIzvHSmUL00-LQz8b9i_0UueVAqj29Z4i1dY0hzWYJdT4EUF54gb--ZFKnIQwgJVZTa87jVxTOPp8z_7v__RTIzxax6W-nCQ6sGjvwkH64IUfxHKg-xFF1espxumGqx_XoV-iXhg8H2q6vsFsN7MuoZnsyiDBsoceaUwRxQEX0zpk.5KA7WIIACYG0XGoHzdATX-fdMglS6hyhAFdpqFj0fy8&dib_tag=se&keywords=seat+covers&qid=1751959169&sr=8-97
"CAROMOP Premium PU Leather Car Seat Covers Full Set,Waterproof Split Bench Covers for Cars, Universal Car Interior Covers Seat Protectors for Sedans SUVs Pick-up Trucks(Beige)",$43.99,3.6,496,https://www.amazon.com/CAROMOP-Waterproof-Universal-Interior-Protectors/dp/B0CD77PZYM/ref=sr_1_98?dib=eyJ2IjoiMSJ9.qJqoSeJKL96_ra5prNL_1p7k1TSJoEE7PRboj2SBxg0KrmMUR2Xxi7gUM3t8tyYClHDHb87vML1n9MG--nsR4_BylGw78J06JGeFoihYPNgqFdFtxX30qPeGmVK2igLIzvHSmUL00-LQz8b9i_0UueVAqj29Z4i1dY0hzWYJdT4EUF54gb--ZFKnIQwgJVZTa87jVxTOPp8z_7v__RTIzxax6W-nCQ6sGjvwkH64IUfxHKg-xFF1espxumGqx_XoV-iXhg8H2q6vsFsN7MuoZnsyiDBsoceaUwRxQEX0zpk.5KA7WIIACYG0XGoHzdATX-fdMglS6hyhAFdpqFj0fy8&dib_tag=se&keywords=seat+covers&qid=1751959169&sr=8-98
"Nilight 5 Car Seat Covers Waterproof Faux Leather Cushions Anti-Slip Universal Fit for 5 Passenger Cars Hyundai Honda Accord Kia Civic Corolla Camry CR-V RAV4 Fusion SUV Truck (Full Set, Black)",$159.99,4.6,450,https://www.amazon.com/Nilight-Waterproof-Anti-Slip-Universal-Passenger/dp/B0B9C462HG/ref=sr_1_99?dib=eyJ2IjoiMSJ9.qJqoSeJKL96_ra5prNL_1p7k1TSJoEE7PRboj2SBxg0KrmMUR2Xxi7gUM3t8tyYClHDHb87vML1n9MG--nsR4_BylGw78J06JGeFoihYPNgqFdFtxX30qPeGmVK2igLIzvHSmUL00-LQz8b9i_0UueVAqj29Z4i1dY0hzWYJdT4EUF54gb--ZFKnIQwgJVZTa87jVxTOPp8z_7v__RTIzxax6W-nCQ6sGjvwkH64IUfxHKg-xFF1espxumGqx_XoV-iXhg8H2q6vsFsN7MuoZnsyiDBsoceaUwRxQEX0zpk.5KA7WIIACYG0XGoHzdATX-fdMglS6hyhAFdpqFj0fy8&dib_tag=se&keywords=seat+covers&qid=1751959169&sr=8-99
"Car Seat Covers Full Set,Luxury Leather Seat Covers for Cars,Universal Waterproof Interior Seat Covers, Automotive Car Seat Cover for Most Vehicles,Truck,SUV Black",$63.99,4.2,84,https://www.amazon.com/WENNFOUR-Universal-Waterproof-Interior-Automotive/dp/B0DSZWJL8S/ref=sr_1_100?dib=eyJ2IjoiMSJ9.qJqoSeJKL96_ra5prNL_1p7k1TSJoEE7PRboj2SBxg0KrmMUR2Xxi7gUM3t8tyYClHDHb87vML1n9MG--nsR4_BylGw78J06JGeFoihYPNgqFdFtxX30qPeGmVK2igLIzvHSmUL00-LQz8b9i_0UueVAqj29Z4i1dY0hzWYJdT4EUF54gb--ZFKnIQwgJVZTa87jVxTOPp8z_7v__RTIzxax6W-nCQ6sGjvwkH64IUfxHKg-xFF1espxumGqx_XoV-iXhg8H2q6vsFsN7MuoZnsyiDBsoceaUwRxQEX0zpk.5KA7WIIACYG0XGoHzdATX-fdMglS6hyhAFdpqFj0fy8&dib_tag=se&keywords=seat+covers&qid=1751959169&sr=8-100
"Premium Waterproof Car Seat Cover Full Set, Front and Rear Split Bench Seat Covers for Cars with Thicker Padding, Easy to Install Car Seat Cover Set (Grey) (Grey)",$23.99,4.9,145,https://www.amazon.com/VALIHO-Premium-Waterproof-Thicker-Padding/dp/B0DJVSB6M4/ref=sr_1_101?dib=eyJ2IjoiMSJ9.qJqoSeJKL96_ra5prNL_1p7k1TSJoEE7PRboj2SBxg0KrmMUR2Xxi7gUM3t8tyYClHDHb87vML1n9MG--nsR4_BylGw78J06JGeFoihYPNgqFdFtxX30qPeGmVK2igLIzvHSmUL00-LQz8b9i_0UueVAqj29Z4i1dY0hzWYJdT4EUF54gb--ZFKnIQwgJVZTa87jVxTOPp8z_7v__RTIzxax6W-nCQ6sGjvwkH64IUfxHKg-xFF1espxumGqx_XoV-iXhg8H2q6vsFsN7MuoZnsyiDBsoceaUwRxQEX0zpk.5KA7WIIACYG0XGoHzdATX-fdMglS6hyhAFdpqFj0fy8&dib_tag=se&keywords=seat+covers&qid=1751959169&sr=8-101
